{"cameraMode":{"drawMode":0,"name":"Shaded","section":"Shading Mode"},"sceneLighting":true,"audioPlay":false,"sceneViewState":{"m_AlwaysRefresh":false,"showFog":true,"showSkybox":true,"showFlares":true,"showImageEffects":true,"showParticleSystems":true,"showVisualEffectGraphs":true,"m_FxEnabled":true},"in2DMode":false,"pivot":{"x":-3.3966879844665529,"y":-3.8034238815307619,"z":18.639564514160158},"rotation":{"x":-0.14330676198005677,"y":0.16309237480163575,"z":-0.02395232394337654,"w":-0.9758608937263489},"size":10.71837043762207,"orthographic":false}